{
  "project_info": {
    "project_number": "487693957152",
    "firebase_url": "https://emenu-6b121.firebaseio.com",
    "project_id": "emenu-6b121",
    "storage_bucket": "emenu-6b121.appspot.com"
  },
  "client": [
    {
      "client_info": {
        "mobilesdk_app_id": "1:487693957152:android:0d9f6c9c31b07c43",
        "android_client_info": {
          "package_name": "com.example.tasitoliveorder"
        }
      },
      "oauth_client": [
        {
          "client_id": "487693957152-oducofh3nra1p0rom61e991otf7a2183.apps.googleusercontent.com",
          "client_type": 3
        }
      ],
      "api_key": [
        {
          "current_key": "AIzaSyBFujNBqhbxA4i-sDNyMFoXTzH2rx6niRg"
        }
      ],
      "services": {
        "analytics_service": {
          "status": 1
        },
        "appinvite_service": {
          "status": 1,
          "other_platform_oauth_client": []
        },
        "ads_service": {
          "status": 2
        }
      }
    },
    {
      "client_info": {
        "mobilesdk_app_id": "1:487693957152:android:23152bc13c098ea8",
        "android_client_info": {
          "package_name": "com.inw.caption"
        }
      },
      "oauth_client": [
        {
          "client_id": "487693957152-oducofh3nra1p0rom61e991otf7a2183.apps.googleusercontent.com",
          "client_type": 3
        }
      ],
      "api_key": [
        {
          "current_key": "AIzaSyBFujNBqhbxA4i-sDNyMFoXTzH2rx6niRg"
        }
      ],
      "services": {
        "analytics_service": {
          "status": 1
        },
        "appinvite_service": {
          "status": 1,
          "other_platform_oauth_client": []
        },
        "ads_service": {
          "status": 2
        }
      }
    },
    {
      "client_info": {
        "mobilesdk_app_id": "1:487693957152:android:2b71dbb3b8c08e26",
        "android_client_info": {
          "package_name": "com.inw.emenu"
        }
      },
      "oauth_client": [
        {
          "client_id": "487693957152-oducofh3nra1p0rom61e991otf7a2183.apps.googleusercontent.com",
          "client_type": 3
        }
      ],
      "api_key": [
        {
          "current_key": "AIzaSyBFujNBqhbxA4i-sDNyMFoXTzH2rx6niRg"
        }
      ],
      "services": {
        "analytics_service": {
          "status": 1
        },
        "appinvite_service": {
          "status": 1,
          "other_platform_oauth_client": []
        },
        "ads_service": {
          "status": 2
        }
      }
    },
    {
      "client_info": {
        "mobilesdk_app_id": "1:487693957152:android:f7dfbea64a051017",
        "android_client_info": {
          "package_name": "com.inw.friendlyfood"
        }
      },
      "oauth_client": [
        {
          "client_id": "487693957152-oducofh3nra1p0rom61e991otf7a2183.apps.googleusercontent.com",
          "client_type": 3
        }
      ],
      "api_key": [
        {
          "current_key": "AIzaSyBFujNBqhbxA4i-sDNyMFoXTzH2rx6niRg"
        }
      ],
      "services": {
        "analytics_service": {
          "status": 1
        },
        "appinvite_service": {
          "status": 1,
          "other_platform_oauth_client": []
        },
        "ads_service": {
          "status": 2
        }
      }
    },
    {
      "client_info": {
        "mobilesdk_app_id": "1:487693957152:android:ac8a83a2939a46f4",
        "android_client_info": {
          "package_name": "com.inw.hyderabadpalace"
        }
      },
      "oauth_client": [
        {
          "client_id": "487693957152-oducofh3nra1p0rom61e991otf7a2183.apps.googleusercontent.com",
          "client_type": 3
        }
      ],
      "api_key": [
        {
          "current_key": "AIzaSyBFujNBqhbxA4i-sDNyMFoXTzH2rx6niRg"
        }
      ],
      "services": {
        "analytics_service": {
          "status": 1
        },
        "appinvite_service": {
          "status": 1,
          "other_platform_oauth_client": []
        },
        "ads_service": {
          "status": 2
        }
      }
    },
    {
      "client_info": {
        "mobilesdk_app_id": "1:487693957152:android:54500cc37a6ad5a8",
        "android_client_info": {
          "package_name": "com.inw.jerk"
        }
      },
      "oauth_client": [
        {
          "client_id": "487693957152-oducofh3nra1p0rom61e991otf7a2183.apps.googleusercontent.com",
          "client_type": 3
        }
      ],
      "api_key": [
        {
          "current_key": "AIzaSyBFujNBqhbxA4i-sDNyMFoXTzH2rx6niRg"
        }
      ],
      "services": {
        "analytics_service": {
          "status": 1
        },
        "appinvite_service": {
          "status": 1,
          "other_platform_oauth_client": []
        },
        "ads_service": {
          "status": 2
        }
      }
    },
    {
      "client_info": {
        "mobilesdk_app_id": "1:487693957152:android:b49e7c25ffec4d21",
        "android_client_info": {
          "package_name": "com.inw.ksgrill"
        }
      },
      "oauth_client": [
        {
          "client_id": "487693957152-oducofh3nra1p0rom61e991otf7a2183.apps.googleusercontent.com",
          "client_type": 3
        }
      ],
      "api_key": [
        {
          "current_key": "AIzaSyBFujNBqhbxA4i-sDNyMFoXTzH2rx6niRg"
        }
      ],
      "services": {
        "analytics_service": {
          "status": 1
        },
        "appinvite_service": {
          "status": 1,
          "other_platform_oauth_client": []
        },
        "ads_service": {
          "status": 2
        }
      }
    },
    {
      "client_info": {
        "mobilesdk_app_id": "1:487693957152:android:f5df829bf8037d88",
        "android_client_info": {
          "package_name": "com.inw.marinositalian"
        }
      },
      "oauth_client": [
        {
          "client_id": "487693957152-oducofh3nra1p0rom61e991otf7a2183.apps.googleusercontent.com",
          "client_type": 3
        }
      ],
      "api_key": [
        {
          "current_key": "AIzaSyBFujNBqhbxA4i-sDNyMFoXTzH2rx6niRg"
        }
      ],
      "services": {
        "analytics_service": {
          "status": 1
        },
        "appinvite_service": {
          "status": 1,
          "other_platform_oauth_client": []
        },
        "ads_service": {
          "status": 2
        }
      }
    },
    {
      "client_info": {
        "mobilesdk_app_id": "1:487693957152:android:e090e268800fe3d1",
        "android_client_info": {
          "package_name": "com.inw.tasitoliveorder"
        }
      },
      "oauth_client": [
        {
          "client_id": "487693957152-oducofh3nra1p0rom61e991otf7a2183.apps.googleusercontent.com",
          "client_type": 3
        }
      ],
      "api_key": [
        {
          "current_key": "AIzaSyBFujNBqhbxA4i-sDNyMFoXTzH2rx6niRg"
        }
      ],
      "services": {
        "analytics_service": {
          "status": 1
        },
        "appinvite_service": {
          "status": 1,
          "other_platform_oauth_client": []
        },
        "ads_service": {
          "status": 2
        }
      }
    },
    {
      "client_info": {
        "mobilesdk_app_id": "1:487693957152:android:35669d26ef5e2b51",
        "android_client_info": {
          "package_name": "com.inw.warraich"
        }
      },
      "oauth_client": [
        {
          "client_id": "487693957152-oducofh3nra1p0rom61e991otf7a2183.apps.googleusercontent.com",
          "client_type": 3
        }
      ],
      "api_key": [
        {
          "current_key": "AIzaSyBFujNBqhbxA4i-sDNyMFoXTzH2rx6niRg"
        }
      ],
      "services": {
        "analytics_service": {
          "status": 1
        },
        "appinvite_service": {
          "status": 1,
          "other_platform_oauth_client": []
        },
        "ads_service": {
          "status": 2
        }
      }
    },
    {
      "client_info": {
        "mobilesdk_app_id": "1:487693957152:android:01b274185d16e49f",
        "android_client_info": {
          "package_name": "com.inw.yumys"
        }
      },
      "oauth_client": [
        {
          "client_id": "487693957152-oducofh3nra1p0rom61e991otf7a2183.apps.googleusercontent.com",
          "client_type": 3
        }
      ],
      "api_key": [
        {
          "current_key": "AIzaSyBFujNBqhbxA4i-sDNyMFoXTzH2rx6niRg"
        }
      ],
      "services": {
        "analytics_service": {
          "status": 1
        },
        "appinvite_service": {
          "status": 1,
          "other_platform_oauth_client": []
        },
        "ads_service": {
          "status": 2
        }
      }
    },
    {
      "client_info": {
        "mobilesdk_app_id": "1:487693957152:android:31da6514df53797f",
        "android_client_info": {
          "package_name": "com.inwi.emenuliveorder"
        }
      },
      "oauth_client": [
        {
          "client_id": "487693957152-oducofh3nra1p0rom61e991otf7a2183.apps.googleusercontent.com",
          "client_type": 3
        }
      ],
      "api_key": [
        {
          "current_key": "AIzaSyBFujNBqhbxA4i-sDNyMFoXTzH2rx6niRg"
        }
      ],
      "services": {
        "analytics_service": {
          "status": 1
        },
        "appinvite_service": {
          "status": 1,
          "other_platform_oauth_client": []
        },
        "ads_service": {
          "status": 2
        }
      }
    },
    {
      "client_info": {
        "mobilesdk_app_id": "1:487693957152:android:58bd465c793b13d9",
        "android_client_info": {
          "package_name": "com.inwizards.tasitoliveorder"
        }
      },
      "oauth_client": [
        {
          "client_id": "487693957152-oducofh3nra1p0rom61e991otf7a2183.apps.googleusercontent.com",
          "client_type": 3
        }
      ],
      "api_key": [
        {
          "current_key": "AIzaSyBFujNBqhbxA4i-sDNyMFoXTzH2rx6niRg"
        }
      ],
      "services": {
        "analytics_service": {
          "status": 1
        },
        "appinvite_service": {
          "status": 1,
          "other_platform_oauth_client": []
        },
        "ads_service": {
          "status": 2
        }
      }
    }
  ],
  "configuration_version": "1"
}