﻿<?xml version="1.0" encoding="UTF-8" ?>  
<layer-list xmlns:android="http://schemas.android.com/apk/res/android">
  <item>
    <shape android:shape="rectangle">
      <solid android:color="#CABBBBBB" />
      <corners android:radius="10dp" />
    </shape>
  </item>
  <item
      android:left="2dp"
      android:right="2dp"
      android:top="2dp"
      android:bottom="2dp">
    <shape android:shape="rectangle">
      <solid android:color="@android:color/white" />
      <corners android:radius="10dp" />
    </shape>
  </item>
</layer-list>